Noun;Frequency_per_Million;Translation;CEFR
das Cyan;1.97;циан (цвет);B2
das Animationsprogramm;2.16;анимационная программа;B2
das Barockschloss;2.31;барочный дворец;B2
das Alltagsgerät;2.37;повседневное устройство;B2
das DVD-Laufwerk;2.41;DVD-привод;B1
das Bürogeflüster;2.47;офисные слухи;B2
das Bienengift;2.63;пчелиный яд;B2
das Serail;2.76;гарем, сераль;B2
das Partnervermittlungsinstitut;2.88;брачное агентство;B2
das Ausstellungsprogramm;2.98;программа выставки;B2
das Angesicht;3.01;лицо (поэтическое);B2
das Pläsier;3.17;удовольствие (уст.);B2
das Dienstreiseformular;3.42;бланк командировки;B2
das Autoabgas;3.46;автомобильный выхлоп;B2
der Abendsonnenglanz;3.52;сияние вечернего солнца;B2
das Geschichtsdenkmal;3.57;исторический памятник;B2
das Computergeräusch;3.57;шум компьютера;B2
das Telegeschäft;3.64;дистанционная сделка;B2
das Neudeutsch;3.66;современный немецкий;B2
das Bankformular;3.74;банковский бланк;B2
das Süßwasserschwimmbecken;3.74;бассейн с пресной водой;B2
das Freizeitgeschäft;3.87;индустрия досуга;B2
das Gartenparadies;3.87;садовый рай;B2
der Bayerntorhüter;3.89;вратарь Баварии;B2
das Fachgymnasium;3.91;профильная гимназия;B2
das Kammerspiel;3.94;камерная пьеса;B2
das Gewandhaus;3.96;Гевандхаус (концертный зал);B2
das Autobahnkreuz;4.12;перекрёсток автомагистралей;B2
das Antiquariat;4.23;букинистический магазин;B2
das Vieraugengespräch;4.24;разговор с глазу на глаз;B2
das Billigticket;4.25;дешёвый билет;A2
das Operndebüt;4.27;дебют в опере;B2
das Energieproblem;4.36;энергетическая проблема;B2
das Desinteresse;4.36;незаинтересованность;B1
das Grundmotiv;4.41;основной мотив;B2
das Kilobyte;4.42;килобайт;B2
das Gifttier;4.57;ядовитое животное;B2
das Faultier;4.62;ленивец;B1
das Übersetzerstudium;4.67;обучение переводчика;B2
das Auslandsstudium;4.73;учёба за границей;B1
das Gartenkraut;4.76;садовая трава, пряность;B2
das Jahresbudget;4.81;годовой бюджет;B2
das Exportprodukt;4.83;экспортный товар;B1
das Kopierpapier;4.84;бумага для копирования;B1
das Pokalendspiel;4.84;финал кубка;B1
das Gamepad;4.88;геймпад;B1
das Nationalorchester;4.89;национальный оркестр;B2
das Billigangebot;4.89;дешёвое предложение;B1
das Moskitonetz;4.92;антимоскитная сетка;B1
das Lachsbrötchen;4.92;булочка с лососем;A2
das Regierungsgeschäft;4.96;государственное дело;B2
das Technikverständnis;4.98;понимание техники;B1
das Basilikum;5.08;базилик;A2
das Gespenst;5.11;призрак;B1
das Mückenspray;5.13;спрей от комаров;B1
das Filmangebot;5.17;ассортимент фильмов;B1
das Autorennen;5.21;автогонки;B1
der Auslaut;5.22;конечный звук;B2
das Eigelb;5.26;яичный желток;B1
das Luxushotel;5.27;роскошный отель;B1
das Türkis;5.33;бирюза;B1
das Insektenspray;5.34;спрей от насекомых;B1
das Finanzprodukt;5.36;финансовый продукт;B2
das Ökokonzept;5.38;экоконцепция;B2
das Gartengemüse;5.42;садовые овощи;B1
das Patentamt;5.42;патентное ведомство;B2
das Konservatorium;5.57;консерватория;B2
das Verwandtschaftsverhältnis;5.62;родственные отношения;B2
das Mittelgebirge;5.66;среднегорье;B1
das Ingenieurbüro;5.66;инженерное бюро;B1
das Rinderfilet;5.71;филе говядины;B1
das Andenken;5.73;память, сувенир;B1
das Kalbfleisch;5.73;телятина;B1
das Bruttogehalt;5.78;брутто-зарплата;B1
das Technikproblem;5.78;техническая проблема;B1
das Volkswirtschaftsstudium;5.88;изучение экономики;B2
das Feuerwehrauto;5.88;пожарная машина;A2
das Parlamentshaus;5.91;здание парламента;B1
das Grauen;5.93;ужас;B1
das Endziel;5.94;конечная цель;B1
das Bruttoeinkommen;5.94;валовой доход;B1
das Familientreffen;5.96;встреча семьи;B1
das Gewichtsproblem;6.02;проблема веса;B1
das Gartenmöbel;6.03;садовая мебель;A2
das Kinderbecken;6.03;детский бассейн;A2
das Urlaubswetter;6.04;погода в отпуске;A2
das Müllproblem;6.07;проблема мусора;B1
das Lagerfeuer;6.14;костёр;A2
das Arbeitsklima;6.17;рабочая атмосфера;B1
das Geschnetzelte;6.18;мясо мелкой нарезки;B1
das Moor;6.18;болото;B1
das Waschprogramm;6.19;режим стирки;A2
das Freizeitverhalten;6.21;поведение в свободное время;B1
das Verkaufsergebnis;6.27;результат продаж;B1
das Familienfoto;6.28;семейное фото;A2
das Villenviertel;6.33;район вилл;B1
der Drehteller;6.33;поворотный стол;B1
der Grönlandwal;6.34;гренландский кит;B2
das Masterdiplom;6.36;диплом магистра;B1
das Geschäftsessen;6.41;деловой обед;B1
das Sommerkleid;6.42;летнее платье;A2
das Abgas;6.42;выхлопной газ;B1
das Geburtstagslied;6.47;песня на день рождения;A2
das Kalb;6.48;теленок;B1
der Almanach;6.48;альманах;B2
das Durchschnittsalter;6.53;средний возраст;B1
das Tagesprogramm;6.59;программа дня;A2
das Bügeleisen;6.63;утюг;A2
das Kinderbild;6.66;детский рисунок;A2
das Reiseprospekt;6.67;туристическая брошюра;A2
das Nilpferd;6.74;бегемот;A2
das Ferienhaus;6.74;дом для отпуска;A2
das Intranet;6.77;интранет;B1
das Radieschen;6.81;редис;A2
das Nashorn;6.83;носорог;A2
das Touristenziel;6.87;туристическое направление;A2
der Goliathkäfer;6.87;жук-голиаф;B2
das Magnesium;6.87;магний;B1
das Mietauto;6.91;арендованный автомобиль;A2
das Bündnis;6.94;союз;B1
das Violett;7.03;фиолетовый цвет;A2
das Vereinsmitglied;7.11;член клуба;B1
das Gesellschaftsspiel;7.14;настольная игра;A2
das Arbeitsleben;7.14;трудовая жизнь;B1
das Geschäftsleben;7.23;деловая жизнь;B1
das Ärgernis;7.27;раздражение;B1
das Single;7.33;одинокий человек;A2
das Christentum;7.34;христианство;B1
der Arabischkurs;7.36;курс арабского языка;B1
das Nettoeinkommen;7.36;чистый доход;B1
der Deutschlandfunk;7.42;радиостанция Deutschlandfunk;B1
das Haushaltsgerät;7.42;бытовой прибор;A2
das Lotto;7.44;лотерея;A2
das Unkraut;7.47;сорняк;B1
das Studienjahr;7.51;учебный год;A2
das Lamm;7.51;ягнёнок;A2
das Ozon;7.52;озон;B1
der Hexentanzplatz;7.53;площадка шабаша;B2
das Hauptgebäude;7.55;главное здание;A2
der Borschtsch;7.61;борщ;B1
das Fachgeschäft;7.61;специализированный магазин;B1
das Kraut;7.66;трава, капуста;B1
der Aromastoff;7.74;ароматизатор;B2
das Familienmitglied;7.77;член семьи;A2
das Sonnensystem;7.82;солнечная система;A2
das Immunsystem;7.82;иммунная система;B1
das Anzeichen;7.82;признак, симптом;B1
das Riesenrad;7.83;колесо обозрения;A2
der Betriebsrundgang;7.83;экскурсия по предприятию;B1
das Eiweiß;7.84;белок;B1
das Gegenargument;7.84;контраргумент;B1
das Weltmeer;7.86;мировой океан;B1
das Verkehrsministerium;7.88;министерство транспорта;B2
der Giftpfeilfrosch;7.88;ядовитая лягушка;B2
der Doppelmord;7.93;двойное убийство;B1
das Opernhaus;8.01;оперный театр;B1
das Säugetier;8.02;млекопитающее;B1
der Bombenerfolg;8.03;оглушительный успех;B1
das Becken;8.17;таз, бассейн;A2
das Nutztier;8.17;сельскохозяйственное животное;B1
das Grundgesetz;8.17;основной закон;B1
der Kindermörder;8.37;детоубийца;B1
der Haarteil;8.37;накладка для волос;B1
das Zusammenwohnen;8.46;совместное проживание;A2
der Cholesterinanteil;8.49;доля холестерина;B1
das Gemälde;8.49;картина;A2
das Telefongespräch;8.51;телефонный разговор;A2
das Insekt;8.53;насекомое;A2
das Preis-Leistungs-Verhältnis;8.54;соотношение цена/качество;B1
das Schulsystem;8.61;школьная система;A2
der Blauwal;8.62;синий кит;A2
das Studentenwohnheim;8.63;студенческое общежитие;A2
das Erdbeben;8.67;землетрясение;A2
der Aussichtsturm;8.73;обзорная башня;B1
das Patent;8.73;патент;B1
das Sparbuch;8.74;сберкнижка;A2
das Tierheim;8.83;приют для животных;A2
das Lieblingsfach;8.87;любимый предмет;A2
das Weltkulturerbe;8.91;мировое культурное наследие;B1
der Betriebswirt;8.91;экономист;B1
der Erscheinungsort;8.94;место публикации;B1
das Quiz;8.97;викторина;A2
das Girokonto;9.03;расчётный счёт;A2
der Assistenzarzt;9.03;врач-ассистент;B1
das Verhör;9.03;допрос;B1
der Bienenstich;9.03;укусы пчелы;A2
das Windrad;9.03;ветряк, ветротурбина;A2
das Snowboard;9.04;сноуборд;A2
das Kriterium;9.08;критерий;B1
das Olivenöl;9.08;оливковое масло;A2
das Erdöl;9.13;нефть;B1
das Sparkonto;9.17;сберегательный счёт;A2
das Umweltproblem;9.21;экологическая проблема;A2
der Elektroherd;9.27;электроплита;A2
das Kissen;9.27;подушка;A2
das Stroh;9.28;солома;A2
das Denkmal;9.37;памятник;A2
das Weihnachtslied;9.38;рождественская песня;A2
das Panorama;9.38;панорама;A2
das Musikstück;9.41;музыкальное произведение;A2
der Betriebsarzt;9.41;врач предприятия;B1
der Opferstein;9.46;жертвенный камень;B1
der Ausschnitt;9.47;вырезка, фрагмент;B1
das Format;9.47;формат;A2
der Flusskrebs;9.47;речной рак;B1
der Diamantring;9.53;кольцо с бриллиантом;A2
das Privatleben;9.61;частная жизнь;B1
der Giftzahn;9.61;ядовитый клык;B1
das Lob;9.63;похвала;B1
das Rindfleisch;9.63;говядина;A2
der Bummel;9.64;прогулка;A2
das Zielpublikum;9.72;целевая аудитория;B1
der Kriminologe;9.73;криминолог;B1
das Portemonnaie;9.74;кошелёк;A2
das Leder;9.74;кожа;A2
das Inland;9.76;внутренняя территория;B1
das Drama;9.77;драма;A2
das Volksfest;9.77;народный праздник;A2
der Kräuterschnaps;9.81;травяной ликёр;B1
der Bankschalter;9.84;банковская касса;A2
das Argument;9.87;аргумент;A2
das Parfüm;9.89;духи;A2
der Bombenanschlag;9.92;теракт;B1
der Pfeilgiftfrosch;9.97;ядовитая лягушка;B2
der Akademiker;9.98;человек с высшим образованием;B1
das Budget;10.01;бюджет;A2
das Image;10.03;имидж;B1
der Erzbischof;10.03;архиепископ;B1
der Dill;10.04;укроп;A2
der Chefdirigent;10.11;главный дирижёр;B1
das Gift;10.12;яд;A2
das Lexikon;10.12;лексикон, словарь;A2
der Golfkurs;10.12;курс по гольфу;A2
das Passwort;10.14;пароль;A2
das Diplom;10.14;диплом;A2
der Arbeitsbereich;10.17;сфера деятельности;B1
der Opportunist;10.21;оппортунист;B1
der Boulevard;10.21;бульвар;A2
der Aussteller;10.21;экспонент;B1
der Bauingenieur;10.26;инженер-строитель;B1
der Germane;10.27;германец;B1
das Lebensjahr;10.27;год жизни;A2
das Schlagzeug;10.28;ударная установка;A2
der Gastdirigent;10.31;приглашённый дирижёр;B1
der Kerzenständer;10.32;подсвечник;A2
das Sushi;10.33;суси;A2
der Absolvent;10.33;выпускник;A2
der Mauerbau;10.36;строительство стены;B1
der Blues;10.38;блюз;A2
der Krake;10.39;осьминог;A2
der Kleingartenverein;10.41;садоводческое товарищество;B1
das Ereignis;10.42;событие;A2
das Benzin;10.43;бензин;A2
das Nachtleben;10.43;ночная жизнь;B1
das Schweinefleisch;10.47;свинина;A2
der Familienmensch;10.48;семейный человек;A2
das Huhn;10.49;курица;A2
der Benzinverbrauch;10.57;расход бензина;A2
der Dämon;10.58;демон;B1
der Nationaldichter;10.61;национальный поэт;B1
der Bundeshaushalt;10.63;госбюджет;B1
das Dessert;10.65;десерт;A2
der Konsumartikel;10.66;потребительский товар;B1
das Paradies;10.69;рай;A2
der Fachtext;10.73;специальный текст;B1
der Langlaufski;10.73;лыжи для беговых гонок;A2
der Anrufer;10.73;звонивший;A2
der Denkmalschutz;10.74;охрана памятников;B1
der Scheiterhaufen;10.76;костёр (для казни);B1
der Herzschmerz;10.81;любовная тоска;A2
der Billigflug;10.81;дешёвый авиарейс;A2
der Pflanzenstoff;10.83;растительное вещество;B1
das Abitur;10.83;выпускной экзамен (в школе);A2
der Bankräuber;10.86;грабитель банка;A2
der Hauptschulabschluss;10.86;аттестат об окончании школы;A2
der Patentprüfer;10.86;эксперт по патентам;B1
das Sprichwort;10.86;пословица;A2
der Aufruf;10.88;призыв;B1
das Gebirge;10.91;горная цепь;A2
der Programmwähler;10.92;переключатель программ;A2
der Kapellmeister;10.93;капельмейстер;B1
das Ehepaar;10.95;супружеская пара;A2
das Trinkgeld;10.97;чаевые;A2
das Detail;11.02;деталь;A2
der Banküberfall;11.03;ограбление банка;A2
der Koriander;11.04;кориандр;A2
das Marketing;11.04;маркетинг;B1
der Besen;11.06;метла;A2
der Apotheker;11.06;фармацевт;A2
der Gepard;11.06;гепард;A2
der Blumenkohl;11.07;цветная капуста;A2
der Lösungsschlüssel;11.08;ключ к решению;A2
das Zusammenleben;11.12;совместная жизнь;A2
der Exporteur;11.12;экспортёр;B1
der Australier;11.14;австралиец;A2
das Pech;11.22;неудача;A2
der Insektenstich;11.24;укус насекомого;A2
das Protokoll;11.26;протокол;B1
der Lammbraten;11.26;жаркое из ягнёнка;A2
das Blatt;11.26;лист;A2
das Haustier;11.28;домашнее животное;A2
das Wohlbefinden;11.29;благополучие;A2
der Aufstieg;11.29;подъём, продвижение;A2
der Direktflug;11.31;прямой рейс;A2
das Viertel;11.36;район, четверть;A2
der Kümmel;11.39;тмин;A2
der Hauptrechner;11.44;главный компьютер;B1
der Waschmaschinenmonteur;11.44;мастер по стиральным машинам;B1
der Champignon;11.47;шампиньон;A2
der Netzstecker;11.48;вилка для розетки;A2
das Original;11.48;оригинал;A2
der Kassettenspieler;11.49;кассетный плеер;A2
das Rätsel;11.57;загадка;A2
das Motto;11.58;девиз;A2
der Finanzdirektor;11.58;финансовый директор;B1
der Patentanwalt;11.61;патентный поверенный;B1
der Flugzeugabsturz;11.62;крушение самолёта;B1
der Deckel;11.63;крышка;A2
der Staatssicherheitsdienst;11.64;служба госбезопасности;B1
der Detektiv;11.67;детектив;A2
das Wahrzeichen;11.67;достопримечательность, символ;A2
der Kleingarten;11.68;садовый участок;A2
das Seminar;11.72;семинар;A2
das Gymnasium;11.72;гимназия;A2
das Magazin;11.73;журнал;A2
der Müllberg;11.76;мусорная гора;A2
der Fahrkartenschalter;11.76;касса для билетов;A2
der Riesenkrake;11.78;гигантский осьминог;B1
der Benzinpreis;11.79;цена на бензин;A2
der Elektriker;11.83;электрик;A2
der Marketingmanager;11.83;менеджер по маркетингу;B1
das Café;11.88;кафе;A1
der Muskat;11.91;мускатный орех;A2
der Kohlrabi;11.91;кольраби;A2
das Konzept;11.91;концепция;B1
der Bankmitarbeiter;11.92;сотрудник банка;A2
der Anschlag;11.92;теракт, нападение;B1
der Wirtschaftsmathematiker;11.93;специалист по экономической математике;B1
der Originaltitel;11.94;оригинальное название;A2
der Hochzeitstanz;11.98;свадебный танец;A2
der Lottoschein;11.98;лотерейный билет;A2
das Reisebüro;12.02;туристическое агентство;A2
der Fleischer;12.03;мясник;A2
der Delfin;12.03;дельфин;A2
das Interview;12.07;интервью;A2
der Kleingärtner;12.14;садовод;A2
der Marienkäfer;12.14;божья коровка;A2
das Verbrechen;12.17;преступление;A2
der Designer;12.18;дизайнер;A2
der Bodensee;12.18;Боденское озеро;A2
das Schulfach;12.19;школьный предмет;A2
der Anzug;12.21;костюм;A2
der Fußballmeister;12.24;чемпион по футболу;A2
das Motiv;12.26;мотив;A2
der Zivilisierungsprozess;12.27;процесс цивилизации;B1
der Kameramann;12.27;оператор;A2
der Finanzexperte;12.31;финансовый эксперт;B1
der Parmesankäse;12.37;сыр пармезан;A2
der Praktikumsplatz;12.39;место практики;A2
das Management;12.41;менеджмент;B1
das Überleben;12.42;выживание;A2
der Golfplatz;12.46;площадка для гольфа;A2
der Biologe;12.46;биолог;B1
der Bundesbürger;12.52;гражданин ФРГ;A2
der Lebensmittelhersteller;12.54;производитель продуктов;B1
der Wintersportfreund;12.61;любитель зимнего спорта;A2
der Pokalsieger;12.63;победитель кубка;A2
der Fels;12.63;скала;A2
der Mückenstich;12.63;укус комара;A2
das Symbol;12.64;символ;A2
der Actionfilm;12.64;боевик;A2
der Bart;12.72;борода;A2
der Gletscher;12.73;ледник;A2
der Braten;12.74;жаркое;A2
das Fach;12.74;предмет (учебный), ящик;A2
der Kopfsalat;12.76;кочанный салат;A2
der Lottogewinner;12.76;победитель лотереи;A2
der Schnittlauch;12.78;лук-резанец;A2
der Modeberuf;12.83;модная профессия;A2
der Dirigent;12.86;дирижёр;A2
der Rotkohl;12.87;краснокочанная капуста;A2
der Arbeitsmarkt;12.87;рынок труда;A2
der Einbrecher;12.87;взломщик;A2
der Wellnessbereich;12.93;зона отдыха и здоровья;A2
der Hauptkommissar;12.97;главный комиссар;B1
der Müllcontainer;12.98;мусорный контейнер;A2
das Praktikum;13.01;стажировка;A2
der Mitmensch;13.02;ближний, собрат;A2
der Wirtschaftsvertreter;13.02;представитель экономики;B1
der Finanzhaushalt;13.02;финансовый бюджет;B1
der Einstieg;13.02;вход, вступление;A2
das Blut;13.04;кровь;A2
der Naturfilm;13.04;фильм о природе;A2
der Schnauzbart;13.06;усы;A2
der Thymian;13.06;тимьян;A2
der Abfall;13.06;мусор;A2
der Begleiter;13.08;сопровождающий;A2
der Internetanbieter;13.08;интернет-провайдер;A2
der Buchladen;13.11;книжный магазин;A2
der Rinderbraten;13.11;жаркое из говядины;A2
der Fahrscheinautomat;13.11;автоматический компостер;A2
der Siegeszug;13.12;триумфальное шествие;B1
der Kinderspielplatz;13.12;детская площадка;A2
die Abhöranlage;13.17;прослушивающее устройство;B1
das Märchen;13.19;сказка;A2
der Elefant;13.21;слон;A2
der Haifisch;13.21;акула;A2
der Besitzer;13.22;владелец;A2
der Dokumentarfilm;13.23;документальный фильм;A2
der Fernsehkanal;13.23;телеканал;A2
der Klatsch;13.26;сплетня;A2
der Rasierapparat;13.26;бритва;A2
der Organismus;13.26;организм;A2
das Gehalt;13.27;зарплата;A2
der Ehepartner;13.27;супруг;A2
der Chefarzt;13.28;главврач;B1
das Vorstellungsgespräch;13.28;собеседование;A2
der Hochschulabschluss;13.29;высшее образование;A2
das Parlament;13.32;парламент;A2
der Fahrkartenautomat;13.34;автомат по продаже билетов;A2
der Blitz;13.34;молния;A2
der Regionalzug;13.38;региональный поезд;A2
der Bauernhof;13.41;ферма;A2
der Dozent;13.42;преподаватель в вузе;B1
der Tennistrainer;13.42;тренер по теннису;A2
der Philharmoniker;13.42;филармонист;A2
der Mathematiker;13.42;математик;A2
der Geheimdienst;13.44;спецслужба;B1
der Einbruch;13.44;взлом;A2
der Lift;13.47;лифт;A2
der Seeblick;13.47;вид на озеро;A2
der Wespenstich;13.47;укус осы;A2
der Brite;13.48;британец;A2
der Warentest;13.51;тестирование товаров;B1
der Eiffelturm;13.54;Эйфелева башня;A2
der Geschäftsbrief;13.57;деловое письмо;B1
das Vermögen;13.58;состояние, имущество;B1
das Einkommen;13.61;доход;A2
der Veränderungsvorschlag;13.61;предложение по изменению;B1
der Jahresbericht;13.61;годовой отчёт;B1
der Orkan;13.61;ураган;A2
der Rukola;13.62;руккола;A2
das Holz;13.63;дерево, древесина;A2
der Gärtner;13.63;садовник;A2
der Frosch;13.68;лягушка;A2
der Misserfolg;13.69;неудача;A2
der Gipfel;13.69;вершина, саммит;A2
der Portier;13.71;портье;A2
der Hut;13.71;шляпа;A2
der Energieverbrauch;13.74;потребление энергии;B1
das Opfer;13.74;жертва;A2
der Pfeil;13.77;стрела;A2
der Weißkohl;13.77;белокочанная капуста;A2
der Beweis;13.79;доказательство;A2
der Dieb;13.79;вор;A2
der Fragebogen;13.79;анкета;A2
der Abschied;13.81;прощание;A2
das Semester;13.81;семестр;A2
der Filter;13.82;фильтр;A2
der Arbeitnehmer;13.82;наёмный работник;A2
der Weltruhm;13.84;мировая слава;B1
das Zeugnis;13.84;свидетельство, табель;A2
der Bundeskanzler;13.86;федеральный канцлер;A2
der Staatsdienst;13.87;госслужба;A2
der Pädagoge;13.87;педагог;A2
der Geldschein;13.88;банкнота;A2
der Torf;13.89;торф;A2
das Konto;13.89;счёт;A2
der Nachrichtensender;13.89;новостной канал;A2
das Mitglied;13.92;член (организации);A2
der Verpackungsabfall;13.92;упаковочный мусор;B1
der Liebesbrief;13.92;любовное письмо;A2
der Fußballverein;13.93;футбольный клуб;A2
der Nordpol;13.94;Северный полюс;A2
das Publikum;13.94;публика;A2
der Schlittschuh;13.94;конёк;A2
der Produktmanager;13.97;продуктовый менеджер;A2
der Kundendienst;13.98;обслуживание клиентов;A2
der Hausmeister;13.98;дворник, смотритель;A2
der Skorpion;14.01;скорпион;A2
der Automat;14.02;автомат;A2
der Irrtum;14.03;заблуждение, ошибка;A2
der Bundestag;14.03;бундестаг;A2
der Helikopter;14.03;вертолёт;A2
der Fernsehsender;14.04;телевещательная компания;A2
der Anlass;14.06;повод;A2
der Puma;14.09;пума;A2
das Pferd;14.09;лошадь;A1
der Norweger;14.09;норвежец;A2
der Finanzminister;14.11;министр финансов;B1
der Diebstahl;14.12;кража;A2
der Ausdruck;14.13;выражение;A2
der Wassertank;14.18;водяной бак;A2
der Lippenstift;14.19;помада;A2
der Maschinenbau;14.19;машиностроение;B1
der Portugiese;14.22;португалец;A2
der Rüssel;14.23;хобот;A2
der Stecker;14.26;штекер;A2
das Mittel;14.26;средство;A2
der Griff;14.27;ручка, хватка;A2
der Chinese;14.27;китаец;A2
der Regenschauer;14.28;ливень;A2
der Moderator;14.28;ведущий;A2
der Volkswirt;14.29;экономист;B1
der Kopfhörer;14.31;наушники;A2
der Liebesfilm;14.31;мелодрама;A2
der Verpackungsmüll;14.31;мусор от упаковки;B1
der Schlafanzug;14.32;пижама;A2
der Sprachwissenschaftler;14.33;лингвист;B1
der Öko-Laden;14.33;экомагазин;A2
die Anakonda;14.33;анаконда;A2
der Anteil;14.37;доля;A2
das Verhältnis;14.39;отношение;A2
der Komponist;14.42;композитор;A2
der Traummann;14.42;мужчина мечты;A2
der Privatdetektiv;14.44;частный детектив;A2
der Kundenservice;14.44;служба поддержки;A2
der Rumäne;14.48;румын;A2
das Gesetz;14.52;закон;A2
das Ergebnis;14.55;результат;A2
der Pinguin;14.56;пингвин;A2
der Organisator;14.57;организатор;A2
der Sandstrand;14.61;песчаный пляж;A2
der Walzer;14.62;вальс;A2
der Traumpartner;14.67;партнёр мечты;A2
die Auktionsfirma;14.68;аукционный дом;B1
der Tonfilm;14.68;звуковой фильм;B1
der Hauptgrund;14.71;основная причина;A2
die Abkühlungsphase;14.72;фаза охлаждения;B1
der Sicherheitshinweis;14.73;инструкция по безопасности;A2
der Sudan;14.73;Судан;A2
der Bericht;14.73;отчёт;A2
der Autor;14.74;автор;A2
der Neffe;14.76;племянник;A2
der Physiker;14.77;физик;A2
der Käfer;14.78;жук;A2
der Klassiker;14.79;классик;A2
das Klima;14.82;климат;A2
der Eingang;14.83;вход;A2
der Betrag;14.84;сумма;A2
die Buchstabiertafel;14.86;таблица для произнесения по буквам;B1
der Löwe;14.86;лев;A2
der Fachmann;14.87;специалист;A2
der Südpol;14.87;Южный полюс;A2
der Reichstag;14.91;Рейхстаг;A2
der Schwager;14.91;деверь, шурин;A2
der Faktor;14.91;фактор;A2
die Anredeformel;14.92;форма обращения;A2
der Stachel;14.92;жало, шип;A2
der Geschäftspartner;14.93;деловой партнёр;A2
der Nachfolger;14.93;преемник;A2
der Dollar;14.96;доллар;A2
der Lautsprecher;14.98;динамик;A2
der Humor;15.01;юмор;A2
der Regierungssitz;15.02;резиденция правительства;A2
der Schaffner;15.03;проводник;A2
der Kuss;15.03;поцелуй;A2
das Schloss;15.03;замок, дворец;A2
der Luxus;15.04;роскошь;A2
der Ohrring;15.04;серёжка;A2
der Popstar;15.07;поп-звезда;A2
der Experte;15.09;эксперт;A2
der Zeitschriftenladen;15.09;киоск с журналами;A2
der Beamte;15.12;чиновник;A2
der Niederländer;15.13;нидерландец;A2
der Swimmingpool;15.14;бассейн;A2
der Philosoph;15.14;философ;A2
der Sand;15.17;песок;A2
der Abschluss;15.21;окончание, завершение;A2
der Franzose;15.22;француз;A2
der Millionär;15.26;миллионер;A2
der Spargel;15.26;спаржа;A2
der Feuerwehrmann;15.27;пожарный;A2
der Geruch;15.27;запах;A2
der Schwiegervater;15.28;тесть, свёкор;A2
der Irak;15.31;Ирак;A2
der Notfall;15.31;чрезвычайная ситуация;A2
der Lachs;15.32;лосось;A2
der Trinkbecher;15.33;стакан;A2
die Baumschlange;15.33;древесная змея;A2
der Staatschef;15.34;глава государства;A2
der Psychologe;15.34;психолог;A2
der Import;15.34;импорт;A2
der Handwerker;15.36;ремесленник;A2
der Vormarsch;15.37;наступление, продвижение;A2
der Kompromiss;15.37;компромисс;A2
der Tierhalter;15.38;владелец животного;A2
der Einwohner;15.38;житель;A2
der Mittelpunkt;15.39;центр;A2
der Betrieb;15.39;предприятие;A2
das Studium;15.39;учёба;A2
der Palast;15.42;дворец;A2
der Vergnügungspark;15.42;парк развлечений;A2
die Aktentasche;15.42;портфель;A2
der Kaiser;15.43;император;A2
das Projekt;15.48;проект;A2
der Pole;15.48;поляк;A2
der Einfluss;15.61;влияние;A2
die Augencreme;15.61;крем для глаз;A2
der Superstar;15.61;суперзвезда;A2
der Praktikant;15.61;практикант;A2
das Wunder;15.63;чудо;A2
die Erdölpipeline;15.63;нефтепровод;B1
der Schweinebraten;15.63;жаркое из свинины;A2
der Staub;15.67;пыль;A2
die Abendkasse;15.68;вечерняя касса;A2
der Verstärker;15.68;усилитель;A2
das Tier;15.72;животное;A1
der Wirtschaftszweig;15.73;отрасль экономики;B1
der Sonnenbrand;15.74;солнечный ожог;A2
der Geist;15.76;дух;A2
der Reisebericht;15.78;отчёт о поездке;A2
der Mörder;15.82;убийца;A2
der Iran;15.82;Иран;A2
die Arbeitszeitverkürzung;15.84;сокращение рабочего времени;B1
der Krankenwagen;15.86;скорая помощь;A2
der Produzent;15.86;продюсер;A2
der Zimmermann;15.87;плотник;A2
die Brotbackmaschine;15.87;хлебопечка;A2
der Mexikaner;15.91;мексиканец;A2
der Bürger;15.91;гражданин;A2
der Fahrer;15.92;водитель;A2
der Artikel;15.94;статья, артикль;A2
der Umbau;15.94;перестройка;A2
der Pilot;16.02;пилот;A2
der Premierminister;16.03;премьер-министр;A2
der Geldautomat;16.09;банкомат;A2
der Wasserhahn;16.09;водопроводный кран;A2
die Arbeitschance;16.12;возможность трудоустройства;A2
der Untergang;16.14;гибель;A2
der Rang;16.14;ранг;A2
der Einsatz;16.17;применение;A2
die Hummelfledermaus;16.17;шмелевая летучая мышь;B1
der Müll;16.18;мусор;A2
der Wäschetrockner;16.21;сушилка для белья;A2
der Schalter;16.22;окошко, выключатель;A2
der Staatspräsident;16.23;президент государства;A2
der Regisseur;16.23;режиссёр;A2
die Aula;16.24;актовый зал;A2
die Extraklasse;16.24;высший класс;B1
der Bereich;16.27;область, сфера;A2
der Lebenslauf;16.28;резюме;A2
das Licht;16.28;свет;A1
der Teddybär;16.29;плюшевый мишка;A2
der Geschmack;16.31;вкус;A2
die Krustenanemone;16.32;коралловая актиния;B1
der Streik;16.33;забастовка;A2
der Stadtpark;16.38;городской парк;A2
der Durchschnitt;16.39;среднее значение;A2
der Reiseleiter;16.41;экскурсовод;A2
die Britin;16.42;британка;A2
der Haushalt;16.42;домашнее хозяйство;A2
der Charakter;16.42;характер;A2
der Schritt;16.44;шаг;A2
der Ökonom;16.44;экономист;A2
der Mord;16.44;убийство;A2
die Administration;16.47;администрация;A2
der Sonnenschein;16.47;солнечный свет;A2
der Regierungschef;16.49;глава правительства;A2
der Manager;16.57;менеджер;A2
das Volk;16.57;народ;A2
der Sitz;16.58;сиденье, местонахождение;A2
die Charaktereigenschaft;16.58;черта характера;A2
die Badelandschaft;16.59;зона для купания;A2
der Onkel;16.62;дядя;A2
der Stürmer;16.64;нападающий;A2
der Rückflug;16.66;обратный рейс;A2
der Kredit;16.72;кредит;A2
der Stich;16.72;укол, укус;A2
die Amtssprache;16.77;официальный язык;A2
die Arbeitsmöglichkeit;16.78;возможность работы;A2
die Büroklammer;16.79;скрепка;A2
der Lohn;16.82;зарплата;A2
der Ski;16.83;лыжа;A2
der Zucchini;16.83;цуккини;A2
der Nachteil;16.84;недостаток;A2
die Durchschnittsfamilie;16.87;среднестатистическая семья;A2
der Respekt;16.88;уважение;A2
die CSU;16.91;Христианско-социальный союз;A2
der Planet;16.91;планета;A2
der Vitamin;16.93;витамин;A2
die Flughafengebühr;16.94;аэропортовый сбор;B1
die Insektengiftallergie;16.97;аллергия на яд насекомых;B1
der Rundgang;17.01;обход, тур;A2
der Frieden;17.01;мир;A2
der Reiseführer;17.02;путеводитель;A2
der Patient;17.02;пациент;A2
die Anziehungskraft;17.03;притяжение;A2
der Schluss;17.03;конец;A2
die Absprache;17.04;договоренность;A2
der Stift;17.04;карандаш;A2
der Wirkstoff;17.08;активное вещество;B1
die Januarwoche;17.08;неделя января;A2
der Schmuck;17.11;украшение;A2
die Currywurst;17.11;карривурст;A2
die Götterwelt;17.12;мир богов;A2
der Sturm;17.12;буря;A2
die Bordkarte;17.14;посадочный талон;A2
der Reichtum;17.16;богатство;A2
der Vordergrund;17.17;передний план;A2
der Zeitungsartikel;17.18;газетная статья;A2
die Erhitzung;17.19;нагревание;A2
die Antenne;17.19;антенна;A2
der Umgang;17.21;обращение, общение;A2
der Teufel;17.21;дьявол;A2
die Abenteuerreise;17.21;приключенческое путешествие;A2
die Einweihungsparty;17.23;вечеринка по случаю новоселья;A2
der Kampf;17.24;борьба;A2
die Flugmaschine;17.26;летательный аппарат;A2
die Durchschnittskosten;17.26;средние издержки;A2
die Astronomie;17.27;астрономия;A2
das Ende;17.28;конец;A1
die CDU;17.28;Христианско-демократический союз;A2
das Gesicht;17.29;лицо;A1
der Schriftsteller;17.29;писатель;A2
der Politiker;17.32;политик;A2
die Bankenstadt;17.33;город банков;A2
der Reisepass;17.33;заграничный паспорт;A2
die Chefsekretärin;17.34;секретарь руководителя;A2
die Damenbekleidung;17.36;женская одежда;A2
der Zuhörer;17.36;слушатель;A2
der Gedanke;17.38;мысль;A2
der Sender;17.38;передатчик, канал;A2
die Giftmenge;17.38;количество яда;B1
die Geldschwierigkeit;17.41;финансовые трудности;A2
der Zins;17.43;процент;A2
die Ablehnung;17.43;отказ;A2
der Zweig;17.46;ветвь;A2
der Schaden;17.46;ущерб;A2
die Ermordung;17.47;убийство;A2
die Bergbahn;17.49;горная железная дорога;A2
der Trend;17.49;тренд;A2
die Hexenverbrennung;17.53;сожжение ведьм;B1
der Ring;17.53;кольцо;A2
die Gesamtquote;17.54;общая квота;B1
der Torhüter;17.56;вратарь;A2
der Professor;17.56;профессор;A2
der Wettkampf;17.61;соревнование;A2
der Veranstalter;17.63;организатор;A2
die Alltagssprache;17.63;разговорная речь;A2
der Markt;17.63;рынок;A2
die Bestellnummer;17.66;номер заказа;A2
der Sieg;17.66;победа;A2
die Friedfertigkeit;17.68;миролюбие;B1
der König;17.69;король;A1
die Druckerpatrone;17.69;картридж для принтера;A2
die Beamtin;17.71;чиновница;A2
die Direktion;17.72;дирекция;A2
die Honorarerhöhung;17.74;повышение гонорара;B1
der Rentner;17.74;пенсионер;A2
die Fernsehzeitung;17.76;телегид;A2
die Bundeswehr;17.76;бундесвер;A2
der Spielfilm;17.76;художественный фильм;A2
die Freizeitindustrie;17.81;индустрия досуга;A2
die Beleidigung;17.83;оскорбление;A2
der Fall;17.84;случай, падение;A2
die Beilage;17.86;гарнир, вложение;A2
die Handelshochschule;17.88;коммерческое училище;A2
die Doktorarbeit;17.88;диссертация;A2
die Buchmesse;17.88;книжная ярмарка;A2
die Geldausgabe;17.89;выдача денег;A2
die Bibel;17.89;Библия;A2
der Stein;17.89;камень;A2
die Faser;17.91;волокно;A2
die Delikatessen;17.91;деликатесы;A2
der Soldat;17.92;солдат;A2
der Gott;17.92;бог;A2
das Herz;17.92;сердце;A1
die Biologie;17.93;биология;A2
die Dozentin;17.93;преподавательница;A2
der Polizist;17.93;полицейский;A2
die Gewinnsumme;17.93;сумма выигрыша;A2
die Airline;17.94;авиакомпания;A2
die Karrieremöglichkeit;17.96;возможность карьерного роста;A2
der Verbrauch;17.97;потребление;A2
der Zufall;18.01;случай;A2
die Hauptsaison;18.01;высокий сезон;A2
der Trainer;18.01;тренер;A2
die Akte;18.02;дело, папка;A2
der Zeichentrickfilm;18.03;мультфильм;A2
die Aufklärung;18.03;просвещение, разъяснение;A2
die Fee;18.04;фея;A2
die Alternative;18.06;альтернатива;A2
die Einsamkeit;18.06;одиночество;A2
die Freizeitveranstaltung;18.07;мероприятие для досуга;A2
die Diebin;18.07;воровка;A2
die Giraffe;18.09;жираф;A2
der Stoff;18.11;материал, вещество;A2
die Fachhochschule;18.11;высшее специальное учебное заведение;A2
die Frauenzeitschrift;18.12;женский журнал;A2
der Tipp;18.12;совет;A2
die Hülsenfrucht;18.13;бобовое растение;A2
die Diplomarbeit;18.13;дипломная работа;A2
die Bekleidung;18.14;одежда;A2
der Verband;18.16;союз, повязка;A2
die Klippe;18.17;утёс;A2
die Armee;18.17;армия;A2
die Baumwolle;18.18;хлопок;A2
der Präsident;18.21;президент;A2
der Vorgang;18.21;процесс;A2
die Legislaturperiode;18.21;срок полномочий парламента;B1
die Abfahrtszeit;18.22;время отправления;A2
der Schutz;18.22;защита;A2
der Weltkrieg;18.23;мировая война;A2
die Gastfreundschaft;18.24;гостеприимство;A2
die Grundregel;18.26;основное правило;A2
die Landesmeisterschaft;18.26;чемпионат земли;A2
die Ansicht;18.26;мнение, взгляд;A2
der Verkauf;18.26;продажа;A2
der Ärger;18.27;досада;A2
die Chinesin;18.27;китаянка;A2
die Matur;18.27;аттестат зрелости (Австрия);A2
die Gesamtschule;18.28;общеобразовательная школа;A2
die Bankkarte;18.29;банковская карта;A2
der Sänger;18.31;певец;A2
die Hotline;18.31;горячая линия;A2
der Schauspieler;18.31;актёр;A2
der Umweltschutz;18.32;охрана окружающей среды;A2
der Zoo;18.32;зоопарк;A1
die Einschätzung;18.33;оценка;A2
die Herrenbekleidung;18.34;мужская одежда;A2
die Jugendmannschaft;18.36;молодёжная команда;A2
der Übersetzer;18.36;переводчик;A2
der Vertreter;18.38;представитель;A2
die Lottozentrale;18.39;центральный офис лотереи;A2
die Ahnung;18.39;предчувствие, понятие;A2
die Kaiserfamilie;18.41;императорская семья;A2
die Bundeskanzlerin;18.41;федеральный канцлер (жен.);A2
die Entführung;18.41;похищение;A2
die Atmosphäre;18.41;атмосфера;A2
die Familienfeier;18.42;семейное торжество;A2
die Ordinalzahl;18.42;порядковое числительное;A2
die Fachzeitschrift;18.43;профессиональный журнал;A2
die Kanarischen;18.44;Канарские острова;A2
der Stress;18.46;стресс;A2
die Einkaufsstraße;18.47;торговая улица;A2
die Mittagsmahlzeit;18.48;обед;A2
der Spieler;18.53;игрок;A2
die Forelle;18.53;форель;A2
die Kinderbekleidung;18.53;детская одежда;A2
der Verbrecher;18.54;преступник;A2
die Göttin;18.54;богиня;A2
die Biene;18.54;пчела;A2
der Zeuge;18.61;свидетель;A2
die Fahrbahn;18.61;проезжая часть;A2
die Hilfsorganisation;18.61;благотворительная организация;A2
die Bombe;18.61;бомба;A2
die Haushaltsware;18.62;товары для дома;A2
das Gefühl;18.62;чувство;A2
die Emotion;18.62;эмоция;A2
die Dienstreise;18.64;командировка;A2
der Raum;18.64;комната, пространство;A1
der Täter;18.64;преступник;A2
der Zusammenhang;18.64;связь, контекст;A2
die Reichensteuer;18.66;налог на богатых;B1
die Leistungsstufe;18.66;уровень производительности;A2
die Fälschung;18.66;подделка;A2
die Olympiahalle;18.67;олимпийский зал;A2
die Faszination;18.69;очарование;A2
die Nationalgeschichte;18.71;национальная история;A2
die Kinderzeitschrift;18.72;детский журнал;A2
die Kontoeröffnung;18.72;открытие счёта;A2
die Annahme;18.72;предположение, принятие;A2
die Debatte;18.73;дебаты;A2
die Gehaltserhöhung;18.73;повышение зарплаты;A2
der Wald;18.73;лес;A2
der Versuch;18.73;попытка, эксперимент;A2
der Umsatz;18.73;оборот;A2
der Zeitpunkt;18.74;момент времени;A2
die Empfindung;18.74;ощущение, чувство;A2
die Käseplatte;18.74;сырная тарелка;A2
die Installation;18.76;установка;A2
die Gemüsesorte;18.77;вид овощей;A2
die Fledermaus;18.78;летучая мышь;A2
die Krankenhausleitung;18.78;руководство больницы;A2
die Notenskala;18.81;шкала оценок;A2
die Geheimzahl;18.82;PIN-код;A2
die Erzählung;18.82;повествование;A2
die Bezahlung;18.82;оплата;A2
die Hummel;18.83;шмель;A2
die Lagune;18.83;лагуна;A2
die Sandrasselotter;18.84;песчаная гремучая змея;B1
die Jagd;18.84;охота;A2
die Gewissheit;18.84;уверенность;A2
die Kleingartenanlage;18.84;садоводческое товарищество;A2
die Kassette;18.89;кассета;A2
der Unterricht;18.89;урок, занятия;A2
die Bedienung;18.91;обслуживание;A2
der Spaß;18.91;веселье, шутка;A1
das System;18.91;система;A2
die Absicht;18.92;намерение;A2
die Berufsausbildung;18.92;профессиональное образование;A2
die Halbzeit;18.92;перерыв (в спорте), полувремя;A2
die Konzerthalle;18.92;концертный зал;A2
die Industrieanlage;18.92;промышленное предприятие;A2
die Kohlensäure;18.93;углекислота;A2
der Tod;18.94;смерть;A2
die Lederware;18.94;изделие из кожи;A2
die Branche;18.96;отрасль;A2
die Flüssigkeit;18.96;жидкость;A2
der Zweck;18.98;цель;A2
die Innenpolitik;19.01;внутренняя политика;A2
der Verein;19.01;клуб, объединение;A2
die Entspannung;19.01;расслабление;A2
die Anzahl;19.02;количество;A2
der Staat;19.02;государство;A2
die Mordserie;19.03;серия убийств;A2
die Beratung;19.03;консультация;A2
die Fahne;19.03;флаг;A2
die Kontokarte;19.03;карта к счёту;A2
die Gurke;19.03;огурец;A2
die Kaiserin;19.04;императрица;A2
der Vertrag;19.04;договор;A2
die Hochzeitsfeier;19.08;свадебное торжество;A2
die Digitalkamera;19.09;цифровая камера;A2
die Kreativität;19.09;креативность;A2
die Einnahme;19.11;доход, приём (лекарства);A2
die Interpretation;19.11;толкование, интерпретация;A2
die Aktion;19.11;акция;A2
die Kutsche;19.12;повозка;A2
die Freundlichkeit;19.12;доброжелательность;A2
die Kontaktaufnahme;19.12;установление контакта;A2
die Kanne;19.13;чайник, кувшин;A2
die Berufsschule;19.13;профессиональное училище;A2
die Mappe;19.13;папка;A2
die Himbeere;19.14;малина;A2
die Fernbedienung;19.14;пульт;A2
die Gaststätte;19.14;ресторан, кафе;A2
die Perücke;19.14;парик;A2
die Riesenschildkröte;19.17;гигантская черепаха;A2
die Drogerie;19.17;аптека/магазин бытовых товаров;A2
die Glühbirne;19.17;лампочка;A2
die Norwegerin;19.18;норвежка;A2
der Unfall;19.21;авария;A2
die Französin;19.21;француженка;A2
die Offerte;19.21;предложение;A2
die Hypothese;19.22;гипотеза;A2
die Lesung;19.22;чтение (литературное);A2
die Kanzlei;19.22;канцелярия;A2
die Datei;19.22;файл;A2
die Bedienungsanleitung;19.22;инструкция по эксплуатации;A2
die Intelligenz;19.23;интеллект;A2
der Zuschauer;19.23;зритель;A2
die Arbeitsstelle;19.24;рабочее место;A2
die Hexe;19.24;ведьма;A2
die Bundesregierung;19.24;федеральное правительство;A2
die Grünen;19.26;партия зелёных;A2
die Erlaubnis;19.27;разрешение;A2
die Halskette;19.27;ожерелье;A2
die Ausnahme;19.28;исключение;A2
der Traum;19.28;сон, мечта;A2
die Einwohnerin;19.31;жительница;A2
die Mythologie;19.31;мифология;A2
die Komödie;19.31;комедия;A2
die Demokratie;19.31;демократия;A2
die Krebserkrankung;19.32;онкологическое заболевание;A2
die Linke;19.33;левая сторона, левая партия;A2
der Vorschlag;19.34;предложение;A2
die Diät;19.34;диета;A2
die Existenz;19.34;существование;A2
die Arbeitszeit;19.36;рабочее время;A2
die Finanzen;19.36;финансы;A2
die Personalverwaltung;19.37;отдел кадров;A2
die Sandotter;19.38;гадюка;A2
die Lokomotive;19.38;локомотив;A2
die Riesenschlange;19.41;гигантская змея;A2
die Bedingung;19.41;условие;A2
die Hauptschule;19.41;школа 5–9 классы;A2
die Kontonummer;19.42;номер счёта;A2
die Lebensgewohnheit;19.43;жизненная привычка;A2
die Krimiserie;19.44;детективный сериал;A2
die DVD;19.44;DVD;A2
die Preisübersicht;19.46;обзор цен;A2
die Kosmetik;19.47;косметика;A2
die Empfehlung;19.48;рекомендация;A2
die Kleinigkeit;19.51;мелочь;A2
die Malediven;19.56;Мальдивы;A2
die Niederländerin;19.57;нидерландка;A2
die Massage;19.61;массаж;A2
die Diskussion;19.62;дискуссия;A2
die Eigenschaft;19.62;свойство, качество;A2
die Raucherecke;19.63;место для курения;A2
die Gebrauchsanweisung;19.63;инструкция по применению;A2
die Erholung;19.64;отдых, восстановление;A2
die Sofortbildkamera;19.67;моментальная камера;A2
die Kirsche;19.68;вишня;A2
die Presseabteilung;19.69;пресс-служба;A2
die Bevölkerung;19.71;население;A2
die Sowjetarmee;19.71;советская армия;A2
die Linsen;19.71;чечевица;A2
die Kalorie;19.72;калория;A2
die Geduld;19.72;терпение;A2
die Seeanemone;19.72;актиния;A2
die Offenheit;19.73;открытость;A2
die Aussage;19.73;высказывание, заявление;A2
die Lotterie;19.74;лотерея;A2
die Preisliste;19.74;прайс-лист;A2
die Koalition;19.74;коалиция;A2
die Angst;19.76;страх;A2
die Pharmaindustrie;19.76;фармацевтическая промышленность;A2
die Bildung;19.76;образование;A2
die Regierungsperiode;19.77;срок полномочий правительства;B1
die Erinnerung;19.77;воспоминание;A2
die Hölle;19.77;ад;A2
die Lebensform;19.78;форма жизни;A2
die Reisegewohnheit;19.79;привычка путешествовать;A2
die Partnersuche;19.79;поиск партнёра;A2
die Kerze;19.81;свеча;A2
die Plastiktüte;19.82;полиэтиленовый пакет;A2
die Rechnungsnummer;19.82;номер счёта;A2
die Meinungsäußerung;19.82;высказывание мнения;A2
der Vorteil;19.83;преимущество;A2
die Chance;19.83;шанс;A2
die Einführung;19.83;введение;A2
die Gewerkschaft;19.83;профсоюз;A2
die Grundschule;19.83;начальная школа;A2
die Konzentration;19.84;концентрация;A2
die Mikrowelle;19.84;микроволновка;A2
die Sonntagsvorstellung;19.84;воскресный сеанс;A2
die Portugiesin;19.84;португалка;A2
die Erklärung;19.86;объяснение;A2
die Leistungsfähigkeit;19.87;работоспособность;A2
die Sommerresidenz;19.87;летняя резиденция;A2
die Neuigkeit;19.88;новость;A2
die Petersilie;19.88;петрушка;A2
die Art;19.89;вид, тип;A2
die Pflanzenart;19.92;вид растения;A2
der Wagen;19.92;машина, вагон;A2
die Medaille;19.92;медаль;A2
die Haut;19.92;кожа;A2
die Ehe;19.94;брак;A2
die Risikobereitschaft;19.98;готовность к риску;A2
die Landesregierung;20.01;земное правительство;A2
die Gebühr;20.01;плата, сбор;A2
die Kopie;20.01;копия;A2
die Grundlage;20.01;основа;A2
die Panne;20.02;неполадка;A2
die Karriere;20.02;карьера;A2
die Schließungszeit;20.03;время закрытия;A2
die Luftverschmutzung;20.03;загрязнение воздуха;A2
die Gelegenheit;20.03;возможность, случай;A2
die Qualle;20.04;медуза;A2
die Leitung;20.04;руководство;A2
die Not;20.06;нужда, беда;A2
die Plastikflasche;20.07;пластиковая бутылка;A2
die Kette;20.07;цепочка;A2
die Praktikantin;20.08;практикантка;A2
die Segelschule;20.08;школа парусного спорта;A2
die Langeweile;20.09;скука;A2
die Sojabohne;20.09;соевый боб;A2
die Figur;20.09;фигура;A2
die Lippe;20.11;губа;A2
die Pistole;20.11;пистолет;A2
die Schreibware;20.12;канцелярские товары;A2
die Energie;20.12;энергия;A2
die Radiosendung;20.12;радиопередача;A2
die Ausbildung;20.12;образование;A2
die Kenntnis;20.12;знание;A2
die Mücke;20.12;комар;A2
die Meinungsumfrage;20.13;опрос мнения;A2
die Sellerie;20.13;сельдерей;A2
die Naturkatastrophe;20.13;природная катастрофа;A2
die Notiz;20.13;заметка;A2
die Spitzmaus;20.14;землеройка;A2
die Premierministerin;20.14;премьер-министр (жен.);A2
die Rubrik;20.14;рубрика;A2
die Königin;20.16;королева;A2
die Maus;20.16;мышь;A2
die Kreuzfahrt;20.17;круиз;A2
die Ernährung;20.17;питание;A2
die Maske;20.18;маска;A2
die Schlafstörung;20.18;нарушение сна;A2
die Kontrolle;20.18;контроль;A2
die Spielrunde;20.18;игровой раунд;A2
die Lieferung;20.18;доставка;A2
die Funktion;20.18;функция;A2
die Polin;20.21;полька;A2
die Mauer;20.21;стена;A2
die Prämie;20.22;премия;A2
die Skizze;20.23;эскиз;A2
die Katastrophe;20.24;катастрофа;A2
die Niederlage;20.24;поражение;A2
die Reiseunterlage;20.24;документы для поездки;A2
die Laune;20.24;настроение;A2
die Residenz;20.26;резиденция;A2
die Kindheit;20.26;детство;A2
die Realschule;20.27;реальная школа;A2
die Metropole;20.27;метрополия;A2
die Nationalfahne;20.27;национальный флаг;A2
die Plastik;20.29;пластик;A2
die Sanierung;20.29;реконструкция;A2
die Erfahrung;20.29;опыт;A2
die Reparaturarbeit;20.31;ремонтные работы;A2
die Opposition;20.31;оппозиция;A2
die Folge;20.31;последствие, серия;A2
die Sonderaktion;20.32;специальная акция;A2
die Methode;20.33;метод;A2
die Schulausbildung;20.33;школьное образование;A2
die Reinigungskraft;20.34;уборщица;A2
die Entscheidung;20.34;решение;A2
die Schwägerin;20.34;золовка, свояченица;A2
die Gesellschaft;20.34;общество;A2
die Rumänin;20.36;румынка;A2
die Handlung;20.36;действие, сюжет;A2
die Quelle;20.36;источник;A2
die Kirche;20.37;церковь;A2
die Naturwissenschaft;20.37;естественная наука;A2
die Lebensqualität;20.38;качество жизни;A2
die Notwendigkeit;20.38;необходимость;A2
die Hilfe;20.38;помощь;A1
die Stangensellerie;20.38;стебель сельдерея;A2
die Oper;20.41;опера;A2
die Schulpflicht;20.41;обязательное школьное образование;A2
die Form;20.42;форма;A2
die Grenze;20.42;граница;A2
die Philosophie;20.43;философия;A2
die Sparmaßnahme;20.43;мера экономии;A2
die Partnerschaft;20.44;партнёрство;A2
die Reklamation;20.47;претензия, жалоба;A2
die Entwicklung;20.48;развитие;A2
die Stressbewältigung;20.48;справление со стрессом;A2
die Kritik;20.48;критика;A2
die Klasse;20.48;класс;A2
die Physik;20.53;физика;A2
die Freude;20.61;радость;A2
die Pyramide;20.61;пирамида;A2
die Spitzenklasse;20.62;высший класс;A2
die Professorin;20.63;профессор (жен.);A2
die Hoffnung;20.66;надежда;A2
die Sauberkeit;20.67;чистота;A2
die Südsee;20.74;Южные моря;A2
die Sinfonie;20.74;симфония;A2
die Maßnahme;20.74;мера;A2
die Rentenversicherung;20.77;пенсионное страхование;A2
die Spionage;20.78;шпионаж;A2
die Staatsform;20.81;форма правления;A2
die Macht;20.81;власть;A2
die Natur;20.84;природа;A2
die Slowakei;20.84;Словакия;A2
die Persönlichkeit;20.86;личность;A2
die Polizistin;20.87;полицейская;A2
die Reisekosten;20.88;расходы на поездку;A2
die Puppe;20.89;кукла;A2
die Verhüllung;20.91;укрытие, маскировка;A2
die Süßspeise;20.91;сладкое блюдо;A2
die Hochzeit;20.91;свадьба;A2
die Leistung;20.91;успех, результат;A2
die Mannschaft;20.92;команда;A2
die Note;20.92;оценка, нота;A2
die Schnecke;20.94;улитка;A2
die mittlere;20.94;средняя (как сущ.);A2
die Stereoanlage;20.94;стереосистема;A2
die Mode;20.96;мода;A2
die Schwiegermutter;20.96;тёща, свекровь;A2
die Umweltagentur;20.96;агентство по охране окружающей среды;A2
die Straßenbeleuchtung;20.96;уличное освещение;A2
die Steuererhöhung;20.97;повышение налогов;A2
die Skulptur;21.01;скульптура;A2
die Staatspräsidentin;21.02;президент (жен.);A2
die Reinigung;21.02;уборка, чистка;A2
die Schlagzeile;21.02;заголовок;A2
die Unpünktlichkeit;21.03;непунктуальность;A2
die Organisation;21.04;организация;A2
die Presse;21.06;пресса;A2
die Reisegruppe;21.08;группа туристов;A2
die Steckdose;21.08;розетка;A2
die Traumpartnerin;21.09;партнёрша мечты;A2
die Rundfahrt;21.11;обзорная поездка;A2
die Touristengegend;21.11;туристический район;A2
die Spielwaren;21.12;игрушки;A2
die Serie;21.12;сериал;A2
die Republik;21.13;республика;A2
die Pflanze;21.16;растение;A2
die Reaktion;21.17;реакция;A2
die Trommel;21.18;барабан;A2
die Städtereise;21.18;путешествие по городам;A2
die Schulzeit;21.18;школьное время;A2
die Unterhaltungselektronik;21.21;развлекательная электроника;A2
die Realität;21.21;реальность;A2
die Studienrichtung;21.22;направление обучения;A2
die Stadtrundfahrt;21.22;обзорная экскурсия по городу;A2
die Versuchsperson;21.22;испытуемый;A2
die Schulden;21.23;долги;A2
die Station;21.26;станция;A2
die Tageszeit;21.26;время суток;A2
die Verkaufsabteilung;21.26;отдел продаж;A2
die Stiftung;21.26;фонд;A2
die Sonnenenergie;21.27;солнечная энергия;A2
die Trockenheit;21.28;засуха, сухость;A2
die Walpurgisnacht;21.29;ночь Вальпургии;A2
die Politik;21.32;политика;A2
die Straftat;21.33;преступление;A2
die Sozialversicherung;21.33;социальное страхование;A2
die Sendung;21.34;передача;A2
die Umstrukturierung;21.34;реструктуризация;A2
die Verkehrsdurchsage;21.37;дорожное объявление;A2
die Umgangsform;21.37;форма общения;A2
die Traumfrau;21.38;женщина мечты;A2
die Spinne;21.41;паук;A2
die Unionspartei;21.41;партия Союза;A2
die Religion;21.42;религия;A2
die Variation;21.42;вариация;A2
die Qualität;21.42;качество;A2
die Täterin;21.46;преступница;A2
die Schlange;21.46;змея, очередь;A2
die Wärmeeinwirkung;21.46;тепловое воздействие;A2
die Stellung;21.47;позиция;A2
die Software;21.48;программное обеспечение;A2
die Taschenlampe;21.48;фонарик;A2
die Szene;21.49;сцена;A2
die Regierung;21.53;правительство;A2
die Teilzeit;21.53;неполный рабочий день;A2
die Ruhe;21.54;покой;A2
die Spitze;21.58;верхушка, остриё;A2
die Umweltkatastrophe;21.59;экологическая катастрофа;A2
die Strategie;21.59;стратегия;A2
die Stufe;21.61;ступень;A2
die Theatervorstellung;21.62;театральное представление;A2
die Weißwurst;21.62;белая колбаса;A2
die Universitätsklinik;21.63;университетская клиника;A2
die Variante;21.63;вариант;A2
die Verbrechensrate;21.64;уровень преступности;A2
die Suche;21.67;поиск;A2
die Sorge;21.72;забота, беспокойство;A2
die Tageszeitung;21.72;ежедневная газета;A2
die Schule;21.72;школа;A1
die Verkaufszahl;21.73;объём продаж;A2
die Stimmung;21.74;настроение;A2
die Trauer;21.74;траур, скорбь;A2
die Tendenz;21.76;тенденция;A2
die Waschtemperatur;21.77;температура стирки;A2
die Urlaubszeit;21.77;время отпуска;A2
die Treue;21.79;верность;A2
die Wunderwaffe;21.81;чудо-оружие;A2
die Steuer;21.83;налог;A2
die Vollpension;21.84;полный пансион;A2
die Unterlage;21.86;документ;A2
die Tante;21.92;тётя;A2
die Videokamera;21.92;видеокамера;A2
die Umfrage;21.93;опрос;A2
die Unterwäsche;21.94;нижнее бельё;A2
die Wassermenge;21.96;объём воды;A2
die Überhitzung;21.98;перегрев;A2
die Umgebung;22.01;окрестность;A2
die Verschmutzung;22.01;загрязнение;A2
die Unterrichtsstunde;22.03;урок;A2
die Volksmusik;22.04;народная музыка;A2
die Ärztevereinigung;22.07;объединение врачей;A2
die Verhandlung;22.08;переговоры;A2
die Weiterfahrt;22.09;дальнейшая поездка;A2
die Wellness;22.11;велнесс;A2
die Verfassung;22.11;конституция, состояние;A2
die Unterkunft;22.12;жильё;A2
die Verwandtschaft;22.13;родственники;A2
die Vermutung;22.14;предположение;A2
die Vollzeit;22.14;полная занятость;A2
die Veranstaltung;22.16;мероприятие;A2
die Wohnform;22.16;форма проживания;A2
die Zukunftsaussicht;22.18;перспектива;A2
die Volkshochschule;22.18;народный университет;A2
die Umwelt;22.26;окружающая среда;A2
die Weile;22.27;некоторое время;A2
die Unterstützung;22.27;поддержка;A2
die Wolle;22.27;шерсть;A2
die Vielzahl;22.29;множество;A2
die Wende;22.31;поворот;A2
die Untersuchung;22.34;исследование, обследование;A2
die Zauberflöte;22.34;Волшебная флейта;A2
die Wirksamkeit;22.36;эффективность;A2
die Vorlesung;22.38;лекция;A2
die Wiese;22.38;луг;A2
die Zensur;22.41;цензура;A2
die Ware;22.41;товар;A2
die Verpackung;22.43;упаковка;A2
die Windenergie;22.44;ветровая энергия;A2
die Wespe;22.53;оса;A2
die Zeitdauer;22.53;продолжительность;A2
die Waffe;22.73;оружие;A2
die Weltreise;22.76;кругосветное путешествие;A2
die Zusatzkosten;22.81;дополнительные расходы;A2
die Wohnfläche;22.88;жилая площадь;A2
die Welle;22.88;волна;A2
die Wahl;22.89;выбор, выборы;A2
die Zuhörerin;22.91;слушательница;A2
die Überschwemmung;22.96;наводнение;A2
die Wahrheit;23.01;правда;A2
die Zutat;23.02;ингредиент;A2
die Zeugin;23.06;свидетельница;A2
die Wirkung;23.07;действие, эффект;A2
die Werbung;23.09;реклама;A2
die Übersicht;23.09;обзор;A2
die Öffentlichkeit;23.11;общественность;A2
die Zustimmung;23.14;согласие;A2
die Überschrift;23.18;заголовок;A2
die Zubereitung;23.19;приготовление;A2
die Zahnbürste;23.21;зубная щётка;A2
die Zusammenarbeit;23.26;сотрудничество;A2
die Wirtschaft;23.28;экономика;A2
die Welt;23.42;мир;A2